{"cameraMode":{"drawMode":0,"name":"Shaded","section":"Shading Mode"},"sceneLighting":false,"audioPlay":false,"sceneViewState":{"showFog":true,"showMaterialUpdate":false,"showSkybox":false,"showFlares":true,"showImageEffects":true,"showParticleSystems":true},"in2DMode":false,"pivot":{"x":16.00200080871582,"y":2.171799659729004,"z":-0.573178768157959},"rotation":{"x":0.19227075576782227,"y":-0.015901746228337289,"z":0.0031115354504436256,"w":0.9812169075012207},"size":9.48428726196289,"orthographic":true}