{"cameraMode":{"drawMode":0,"name":"Shaded","section":"Shading Mode"},"sceneLighting":false,"audioPlay":false,"sceneViewState":{"showFog":true,"showMaterialUpdate":false,"showSkybox":false,"showFlares":true,"showImageEffects":true,"showParticleSystems":true},"in2DMode":false,"pivot":{"x":16.0,"y":0.029999999329447748,"z":-0.3400001525878906},"rotation":{"x":0.042596958577632907,"y":-0.20211218297481538,"z":0.008756623603403569,"w":0.9784291386604309},"size":5.478410243988037,"orthographic":true}