{"cameraMode":{"drawMode":0,"name":"Shaded","section":"Shading Mode"},"sceneLighting":true,"audioPlay":false,"sceneViewState":{"showFog":true,"showMaterialUpdate":false,"showSkybox":true,"showFlares":true,"showImageEffects":true,"showParticleSystems":true},"in2DMode":false,"pivot":{"x":-20.739999771118165,"y":-0.3799999952316284,"z":-3.1499996185302736},"rotation":{"x":0.042596958577632907,"y":-0.20211218297481538,"z":0.008756623603403569,"w":0.9784291386604309},"size":8.16132926940918,"orthographic":true}